Date,Gold_USD,DXY
2015-01-12,27032,91.98
2015-01-13,27071,92.31
2015-01-14,27210,92.16
2015-01-15,27493,92.35
2015-01-16,27673,92.52
2015-01-19,27718,92.52
2015-01-20,28098,93.05
2015-01-21,27992,92.9
2015-01-22,28055,94.08
2015-01-23,27884,94.76
2015-01-27,27934,94.02
2015-01-28,27795,94.47
2015-01-29,27470,94.78
2015-01-30,27911,94.8
2015-02-02,28071,94.5
2015-02-03,27687,93.6
2015-02-04,27814,93.99
2015-02-05,27683,93.57
2015-02-06,26968,95.85
2015-02-09,27119,94.45
2015-02-10,27016,94.76
2015-02-11,26817,94.98
2015-02-12,26635,94.09
2015-02-13,26694,94.2
2015-02-16,26742,94.2
2015-02-17,26241,94.06
2015-02-18,26181,94.2
2015-02-19,26294,94.4
2015-02-20,26317,94.34
2015-02-23,26178,94.57
2015-02-24,26077,94.49
2015-02-25,26142,94.21
2015-02-26,26239,95.29
2015-02-27,26206,95.32
2015-03-02,26541,95.46
2015-03-03,26453,95.38
2015-03-04,26539,95.97
2015-03-05,26473,96.38
2015-03-06,26058,97.61
2015-03-09,26062,97.59
2015-03-10,25960,98.62
2015-03-11,25716,99.8
2015-03-12,25690,99.44
2015-03-13,25909,100.33
2015-03-16,25797,99.6
2015-03-17,25635,99.58
2015-03-18,25653,98.55
2015-03-19,25970,99.26
2015-03-20,26195,97.91
2015-03-23,26208,97.03
2015-03-24,26350,97.19
2015-03-25,26491,96.98
2015-03-26,26805,97.44
2015-03-27,26564,97.29
2015-03-30,26239,97.97
2015-03-31,26061,98.36
2015-04-01,26510,98.19
2015-04-02,26548,97.44
2015-04-06,26941,96.78
2015-04-07,26829,97.83
2015-04-08,26682,97.94
2015-04-09,26452,99.16
2015-04-10,26703,99.34
2015-04-13,26616,99.49
2015-04-14,26454,98.73
2015-04-15,26644,98.32
2015-04-16,26533,97.42
2015-04-17,26702,97.52
2015-04-20,26719,97.94
2015-04-21,26803,98.0
2015-04-22,26489,97.93
2015-04-23,26777,97.28
2015-04-24,26574,96.92
2015-04-27,26944,96.77
2015-04-28,27036,96.09
2015-04-29,27096,95.21
2015-04-30,26593,94.6
2015-05-01,26483,95.3
2015-05-04,26747,95.48
2015-05-05,26852,95.08
2015-05-06,26928,94.09
2015-05-07,26951,94.64
2015-05-08,26903,94.79
2015-05-11,26853,95.01
2015-05-12,27180,94.53
2015-05-13,27539,93.62
2015-05-14,27444,93.46
2015-05-15,27473,93.14
2015-05-18,27629,94.22
2015-05-19,27309,95.27
2015-05-20,27299,95.45
2015-05-21,27130,95.25
2015-05-22,27105,96.11
2015-05-25,27180,96.01
2015-05-26,26917,97.3
2015-05-27,26900,97.37
2015-05-28,26899,96.97
2015-05-29,26866,96.91
2015-06-01,26690,97.39
2015-06-02,26856,95.83
2015-06-03,26806,95.47
2015-06-04,26564,95.46
2015-06-05,26439,96.31
2015-06-08,26693,95.3
2015-06-09,26754,95.17
2015-06-10,26850,94.65
2015-06-11,26772,94.98
2015-06-12,26773,94.97
2015-06-15,26915,94.81
2015-06-16,26831,95.0
2015-06-17,26763,94.3
2015-06-18,27031,94.04
2015-06-19,26959,94.08
2015-06-22,26589,94.33
2015-06-23,26478,95.43
2015-06-24,26418,95.26
2015-06-25,26365,95.19
2015-06-26,26399,95.47
2015-06-29,26508,94.79
2015-06-30,26301,95.48
2015-07-01,26182,96.31
2015-07-02,26024,96.11
2015-07-03,26393,96.11
2015-07-06,26335,96.3
2015-07-07,26032,96.86
2015-07-08,26222,96.29
2015-07-09,26071,96.61
2015-07-10,26071,96.03
2015-07-13,26033,96.86
2015-07-14,25934,96.64
2015-07-15,25852,97.17
2015-07-16,25774,97.67
2015-07-17,25505,97.86
2015-07-20,25042,98.03
2015-07-21,24908,97.33
2015-07-22,24688,97.6
2015-07-23,24742,97.11
2015-07-24,24729,97.24
2015-07-27,24910,96.5
2015-07-28,24768,96.77
2015-07-29,24729,96.98
2015-07-30,24739,97.56
2015-07-31,24789,97.34
2015-08-03,24696,97.49
2015-08-04,24638,97.93
2015-08-05,24545,97.96
2015-08-06,24692,97.83
2015-08-07,24796,97.56
2015-08-10,25026,97.16
2015-08-11,25323,97.29
2015-08-12,25898,96.26
2015-08-13,25763,96.44
2015-08-14,25636,96.52
2015-08-17,25924,96.81
2015-08-18,25890,97.04
2015-08-19,26084,96.36
2015-08-20,26723,95.98
2015-08-21,27090,95.01
2015-08-24,27290,93.33
2015-08-25,26595,94.53
2015-08-26,26341,95.1
2015-08-27,26197,95.61
2015-08-28,26490,96.11
2015-08-31,26540,95.82
2015-09-01,26623,95.45
2015-09-02,26417,95.83
2015-09-03,26196,96.41
2015-09-04,26256,96.23
2015-09-07,26506,96.23
2015-09-08,26436,95.98
2015-09-09,26069,96.01
2015-09-10,26179,95.46
2015-09-11,25981,95.19
2015-09-14,26078,95.25
2015-09-15,25982,95.61
2015-09-16,26285,95.42
2015-09-17,26176,94.55
2015-09-18,26476,94.86
2015-09-21,26345,95.89
2015-09-22,26242,96.28
2015-09-23,26476,96.07
2015-09-24,26965,96.69
2015-09-25,26744,96.27
2015-09-28,26508,96.03
2015-09-29,26253,95.86
2015-09-30,25803,96.35
2015-10-01,25782,96.19
2015-10-05,26094,96.11
2015-10-06,26512,95.45
2015-10-07,26449,95.5
2015-10-08,26351,95.32
2015-10-09,26515,94.81
2015-10-12,26678,94.84
2015-10-13,26872,94.76
2015-10-14,27088,93.93
2015-10-15,27142,94.37
2015-10-16,27029,94.54
2015-10-19,26882,94.93
2015-10-20,26993,94.91
2015-10-21,26821,95.03
2015-10-22,26737,96.38
2015-10-23,26676,97.13
2015-10-26,26689,96.86
2015-10-27,26790,96.91
2015-10-28,26930,97.78
2015-10-29,26470,97.28
2015-10-30,26355,96.95
2015-11-02,26228,96.93
2015-11-03,25863,97.16
2015-11-04,25646,97.95
2015-11-05,25791,97.94
2015-11-06,25538,99.17
2015-11-09,25699,98.98
2015-11-10,25604,99.29
2015-11-11,25490,99.01
2015-11-12,25341,98.65
2015-11-13,25388,99.0
2015-11-16,25360,99.44
2015-11-17,25038,99.63
2015-11-18,25108,99.65
2015-11-19,25308,98.99
2015-11-20,25252,99.56
2015-11-23,25180,99.8
2015-11-24,25305,99.53
2015-11-25,25230,99.8
2015-11-26,25288,99.8
2015-11-27,25071,100.02
2015-11-30,25114,100.17
2015-12-01,25018,99.8
2015-12-02,24895,99.99
2015-12-03,25043,97.62
2015-12-04,25631,98.35
2015-12-07,25443,98.66
2015-12-08,25424,98.47
2015-12-09,25499,97.34
2015-12-10,25328,97.94
2015-12-11,25581,97.56
2015-12-14,25256,97.6
2015-12-15,25173,98.22
2015-12-16,25372,97.87
2015-12-17,24766,99.27
2015-12-18,25011,98.7
2015-12-21,25302,98.36
2015-12-22,25176,98.23
2015-12-23,25004,98.34
2015-12-24,25147,97.98
2015-12-28,25077,97.92
2015-12-29,25106,98.1
2015-12-30,25017,98.27
2015-12-31,24952,98.63
2016-01-01,24943,98.63
2016-01-04,25423,98.87
2016-01-05,25430,99.4
2016-01-06,25756,99.18
2016-01-07,26106,98.22
2016-01-08,25989,98.54
2016-01-11,25877,98.72
2016-01-12,25689,98.97
2016-01-13,25750,98.93
2016-01-14,25652,99.09
2016-01-15,26126,98.96
2016-01-18,26070,98.96
2016-01-19,26064,98.99
2016-01-20,26563,99.09
2016-01-21,26190,99.06
2016-01-22,26168,99.57
2016-01-25,26391,99.36
2016-01-27,26736,98.9
2016-01-28,26701,98.51
2016-01-29,26709,99.61
2016-02-01,26973,99.01
2016-02-02,27008,98.87
2016-02-03,27285,97.29
2016-02-04,27656,96.47
2016-02-05,27568,97.03
2016-02-08,28367,96.57
2016-02-09,28325,96.07
2016-02-10,28211,95.89
2016-02-11,29706,95.56
2016-02-12,29287,95.94
2016-02-15,28595,95.98
2016-02-16,28800,96.87
2016-02-17,28781,96.79
2016-02-18,29210,96.95
2016-02-19,29432,96.6
2016-02-22,28916,97.38
2016-02-23,29234,97.48
2016-02-24,29523,97.46
2016-02-25,29735,97.29
2016-02-26,29290,98.15
2016-02-29,29437,98.21
2016-03-01,29097,98.35
2016-03-02,29219,98.21
2016-03-03,29381,97.59
2016-03-04,29519,97.34
2016-03-07,29597,97.07
2016-03-08,29819,97.21
2016-03-09,29597,97.17
2016-03-10,29928,96.07
2016-03-11,29504,96.17
2016-03-14,29204,96.62
2016-03-15,29050,96.63
2016-03-16,28970,95.89
2016-03-17,29357,94.76
2016-03-18,29135,95.09
2016-03-21,28937,95.29
2016-03-22,29047,95.65
2016-03-23,28568,96.05
2016-03-24,28560,96.14
2016-03-28,28400,95.94
2016-03-29,28616,95.16
2016-03-30,28301,94.84
2016-03-31,28441,94.59
2016-04-01,28056,94.62
2016-04-04,28086,94.51
2016-04-05,28562,94.63
2016-04-06,28571,94.43
2016-04-07,28972,94.48
2016-04-08,29047,94.23
2016-04-11,29254,93.95
2016-04-12,29250,93.96
2016-04-13,29128,94.74
2016-04-14,28731,94.9
2016-04-15,28918,94.7
2016-04-18,28935,94.49
2016-04-19,29255,93.98
2016-04-20,29249,94.49
2016-04-21,29287,94.6
2016-04-22,28941,95.12
2016-04-25,29183,94.84
2016-04-26,29158,94.57
2016-04-27,29319,94.39
2016-04-28,29627,93.76
2016-04-29,30138,93.08
2016-05-02,30213,92.63
2016-05-03,30154,92.94
2016-05-04,29934,93.18
2016-05-05,29868,93.78
2016-05-06,30366,93.89
2016-05-09,29805,94.13
2016-05-10,29785,94.29
2016-05-11,29933,93.82
2016-05-12,29904,94.15
2016-05-13,30023,94.61
2016-05-16,29963,94.57
2016-05-17,30045,94.55
2016-05-18,30049,95.08
2016-05-19,29800,95.29
2016-05-20,29693,95.33
2016-05-23,29682,95.23
2016-05-24,29306,95.57
2016-05-25,28945,95.35
2016-05-26,28729,95.17
2016-05-27,28590,95.52
2016-05-30,28590,95.52
2016-05-31,28610,95.89
2016-06-01,28626,95.45
2016-06-02,28554,95.56
2016-06-03,29216,94.03
2016-06-06,29329,93.9
2016-06-07,29239,93.83
2016-06-08,29491,93.59
2016-06-09,29757,93.95
2016-06-10,29851,94.57
2016-06-13,30181,94.36
2016-06-14,30357,94.93
2016-06-15,30262,94.61
2016-06-16,30392,94.57
2016-06-17,30373,94.21
2016-06-20,30478,93.61
2016-06-21,30072,94.02
2016-06-22,29898,93.72
2016-06-23,29686,93.53
2016-06-24,31131,95.45
2016-06-27,31218,96.54
2016-06-28,30999,96.25
2016-06-29,30986,95.77
2016-06-30,30851,96.14
2016-07-01,31077,95.65
2016-07-04,31396,95.65
2016-07-05,30841,96.17
2016-07-06,32018,96.05
2016-07-07,31817,96.33
2016-07-08,31657,96.3
2016-07-11,31524,96.57
2016-07-12,31001,96.44
2016-07-13,31225,96.22
2016-07-14,30895,96.08
2016-07-15,30922,96.58
2016-07-18,30950,96.56
2016-07-19,31021,97.06
2016-07-20,30666,97.2
2016-07-21,30940,97.0
2016-07-22,30794,97.47
2016-07-25,30814,97.29
2016-07-26,30822,97.16
2016-07-27,30878,97.05
2016-07-28,30795,96.74
2016-07-29,31099,95.53
2016-08-01,31011,95.71
2016-08-02,31282,95.06
2016-08-03,31199,95.56
2016-08-04,31317,95.76
2016-08-05,30779,96.19
2016-08-08,30998,96.4
2016-08-09,31133,96.18
2016-08-10,31219,95.65
2016-08-11,31171,95.86
2016-08-12,31080,95.72
2016-08-16,31349,94.79
2016-08-17,31314,94.72
2016-08-18,31411,94.16
2016-08-19,31365,94.51
2016-08-22,31395,94.52
2016-08-23,31373,94.54
2016-08-24,31049,94.79
2016-08-25,30945,94.77
2016-08-26,31023,95.57
2016-08-29,31077,95.58
2016-08-30,30840,96.05
2016-08-31,30746,96.02
2016-09-01,30710,95.65
2016-09-02,30900,95.84
2016-09-05,31025,95.84
2016-09-06,31401,94.82
2016-09-07,31336,94.96
2016-09-08,31239,95.03
2016-09-09,31261,95.34
2016-09-12,31087,95.09
2016-09-13,31141,95.63
2016-09-14,31100,95.33
2016-09-15,30950,95.29
2016-09-16,30851,96.11
2016-09-19,30936,95.84
2016-09-20,30892,96.02
2016-09-21,31207,95.66
2016-09-22,31335,95.45
2016-09-23,31288,95.48
2016-09-26,31351,95.3
2016-09-27,31003,95.44
2016-09-28,30963,95.43
2016-09-29,31224,95.53
2016-09-30,30814,95.46
2016-10-03,30749,95.69
2016-10-04,30068,96.17
2016-10-05,30004,96.12
2016-10-06,29615,96.77
2016-10-07,29591,96.63
2016-10-10,29662,96.93
2016-10-11,29712,97.69
2016-10-12,29662,97.97
2016-10-13,29697,97.52
2016-10-14,29638,98.02
2016-10-17,29675,97.89
2016-10-18,29773,97.89
2016-10-19,29883,97.92
2016-10-20,29891,98.31
2016-10-21,29936,98.69
2016-10-24,29820,98.76
2016-10-25,30034,98.72
2016-10-26,29913,98.63
2016-10-27,30054,98.89
2016-10-28,30131,98.35
2016-10-31,30057,98.44
2016-11-01,30329,97.7
2016-11-02,30759,97.4
2016-11-03,30674,97.16
2016-11-04,30689,97.06
2016-11-07,30118,97.78
2016-11-08,29899,97.86
2016-11-09,29961,98.5
2016-11-10,29986,98.78
2016-11-11,29461,99.06
2016-11-14,29676,100.11
2016-11-15,29391,100.23
2016-11-16,29463,100.41
2016-11-17,29185,100.89
2016-11-18,29005,101.21
2016-11-21,29197,101.05
2016-11-22,29182,101.04
2016-11-23,28885,101.7
2016-11-24,28816,101.7
2016-11-25,28671,101.49
2016-11-28,28793,101.33
2016-11-29,28853,100.93
2016-11-30,28428,101.5
2016-12-01,28062,101.04
2016-12-02,28445,100.77
2016-12-05,28236,100.09
2016-12-06,27944,100.49
2016-12-07,28043,100.23
2016-12-08,27896,101.1
2016-12-09,27701,101.59
2016-12-12,27843,101.03
2016-12-13,27710,101.07
2016-12-14,27746,101.76
2016-12-15,27130,103.02
2016-12-16,27308,102.95
2016-12-19,27392,103.14
2016-12-20,27262,103.29
2016-12-21,27103,103.02
2016-12-22,27152,103.09
2016-12-23,27186,103.01
2016-12-26,27241,103.01
2016-12-27,27431,103.02
2016-12-28,27539,103.3
2016-12-29,27810,102.68
2016-12-30,27700,102.21
2017-01-02,27828,102.83
2017-01-03,28102,103.21
2017-01-04,28085,102.7
2017-01-05,28890,101.52
2017-01-06,27960,102.22
2017-01-09,28124,101.93
2017-01-10,28210,102.01
2017-01-11,28353,101.78
2017-01-12,28463,101.35
2017-01-13,28440,101.18
2017-01-16,28601,101.18
2017-01-17,28797,100.33
2017-01-18,28852,100.93
2017-01-19,28588,101.15
2017-01-20,28685,100.74
2017-01-23,28876,100.16
2017-01-24,28815,100.35
2017-01-25,28472,100.03
2017-01-27,28449,100.53
2017-01-30,28642,100.43
2017-01-31,29172,99.51
2017-02-01,28981,99.64
2017-02-02,29064,99.79
2017-02-03,29166,99.87
2017-02-06,29202,99.91
2017-02-07,29348,100.26
2017-02-08,29371,100.28
2017-02-09,29115,100.65
2017-02-10,29195,100.8
2017-02-13,29057,100.96
2017-02-14,29027,101.25
2017-02-15,29138,101.18
2017-02-16,29377,100.44
2017-02-17,29359,100.95
2017-02-20,29324,100.95
2017-02-21,29314,101.37
2017-02-22,29223,101.22
2017-02-23,29440,101.05
2017-02-24,29613,101.09
2017-02-27,29732,101.13
2017-02-28,29592,101.12
2017-03-01,29529,101.78
2017-03-02,29204,102.2
2017-03-03,29442,101.54
2017-03-06,28979,101.64
2017-03-07,28791,101.81
2017-03-08,28660,102.07
2017-03-09,28491,101.85
2017-03-10,28417,101.25
2017-03-13,28291,101.31
2017-03-14,28100,101.7
2017-03-15,28019,100.74
2017-03-16,28436,100.36
2017-03-17,28528,100.3
2017-03-20,28518,100.41
2017-03-21,28853,99.81
2017-03-22,28886,99.68
2017-03-23,28816,99.76
2017-03-24,28809,99.63
2017-03-27,28839,99.17
2017-03-28,28872,99.71
2017-03-29,28762,100.0
2017-03-30,28559,100.41
2017-03-31,28612,100.35
2017-04-03,28720,100.54
2017-04-04,28960,100.54
2017-04-05,28617,100.56
2017-04-06,28697,100.67
2017-04-07,28650,101.18
2017-04-10,28699,101.02
2017-04-11,29149,100.71
2017-04-12,29189,100.78
2017-04-13,29358,100.56
2017-04-17,29392,100.29
2017-04-18,29518,99.5
2017-04-19,29313,99.74
2017-04-20,29308,99.78
2017-04-21,29432,99.98
2017-04-24,29128,99.09
2017-04-25,28827,98.78
2017-04-26,28757,99.05
2017-04-27,28784,99.08
2017-04-28,28872,99.05
2017-05-01,28654,99.08
2017-05-02,28571,98.98
2017-05-03,28571,99.21
2017-05-04,28060,98.8
2017-05-05,28184,98.65
2017-05-08,28119,99.06
2017-05-09,27981,99.66
2017-05-10,28007,99.67
2017-05-11,28022,99.62
2017-05-12,28019,99.25
2017-05-15,28008,98.91
2017-05-16,28109,98.11
2017-05-17,28614,97.58
2017-05-18,28710,97.88
2017-05-19,28634,97.14
2017-05-22,28783,96.98
2017-05-23,28808,97.35
2017-05-24,28719,97.24
2017-05-25,28638,97.25
2017-05-26,28847,97.44
2017-05-29,28874,97.44
2017-05-30,28704,97.28
2017-05-31,28905,96.92
2017-06-01,28749,97.2
2017-06-02,28949,96.72
2017-06-05,29111,96.8
2017-06-06,29481,96.64
2017-06-07,29376,96.75
2017-06-08,29049,96.92
2017-06-09,28938,97.27
2017-06-12,28917,97.14
2017-06-13,28862,96.97
2017-06-14,28946,96.94
2017-06-15,28686,97.43
2017-06-16,28616,97.16
2017-06-19,28473,97.55
2017-06-20,28475,97.76
2017-06-21,28495,97.56
2017-06-22,28557,97.59
2017-06-23,28648,97.26
2017-06-26,28426,97.43
2017-06-27,28483,96.39
2017-06-28,28485,96.01
2017-06-29,28527,95.63
2017-06-30,28295,95.63
2017-07-03,27952,96.22
2017-07-04,28043,96.22
2017-07-05,28051,96.29
2017-07-06,28143,95.8
2017-07-07,27812,96.01
2017-07-10,27840,96.02
2017-07-11,27871,95.67
2017-07-12,27889,95.76
2017-07-13,27868,95.73
2017-07-14,28022,95.15
2017-07-17,28147,95.13
2017-07-18,28280,94.6
2017-07-19,28270,94.78
2017-07-20,28345,94.31
2017-07-21,28541,93.86
2017-07-24,28530,93.98
2017-07-25,28490,94.05
2017-07-26,28396,93.67
2017-07-27,28477,93.86
2017-07-28,28596,93.26
2017-07-31,28588,92.86
2017-08-01,28514,93.04
2017-08-02,28486,92.84
2017-08-03,28447,92.84
2017-08-04,28373,93.54
2017-08-07,28419,93.43
2017-08-08,28357,93.65
2017-08-09,28800,93.55
2017-08-10,29130,93.4
2017-08-11,29158,93.07
2017-08-14,29042,93.41
2017-08-16,28878,93.54
2017-08-17,29093,93.62
2017-08-18,29109,93.43
2017-08-21,29224,93.09
2017-08-22,29061,93.55
2017-08-23,29090,93.15
2017-08-24,29021,93.28
2017-08-25,29086,92.74
2017-08-28,29425,92.21
2017-08-29,29588,92.25
2017-08-30,29540,92.88
2017-08-31,29756,92.67
2017-09-01,29788,92.81
2017-09-04,30174,92.64
2017-09-05,30226,92.25
2017-09-06,30088,92.29
2017-09-07,30287,91.66
2017-09-08,30271,91.35
2017-09-11,29942,91.9
2017-09-12,29953,91.88
2017-09-13,29896,92.52
2017-09-14,30020,92.12
2017-09-15,29869,91.87
2017-09-18,29561,92.05
2017-09-19,29628,91.79
2017-09-20,29780,92.51
2017-09-21,29584,92.19
2017-09-22,29608,92.17
2017-09-25,30065,92.65
2017-09-26,29885,92.97
2017-09-27,29673,93.36
2017-09-28,29624,93.08
2017-09-29,29549,93.08
2017-10-03,29400,93.57
2017-10-04,29331,93.46
2017-10-05,29412,93.96
2017-10-06,29510,93.8
2017-10-09,29670,93.67
2017-10-10,29768,93.29
2017-10-11,29659,93.02
2017-10-12,29756,93.06
2017-10-13,29800,93.09
2017-10-16,29808,93.31
2017-10-17,29565,93.51
2017-10-18,29536,93.36
2017-10-19,29654,93.16
2017-10-20,29541,93.7
2017-10-23,29499,93.94
2017-10-24,29498,93.77
2017-10-25,29362,93.71
2017-10-26,29236,94.61
2017-10-27,29272,94.92
2017-10-30,29349,94.56
2017-10-31,29040,94.55
2017-11-01,29120,94.81
2017-11-02,29242,94.69
2017-11-03,29191,94.94
2017-11-06,29363,94.76
2017-11-07,29457,94.91
2017-11-08,29562,94.87
2017-11-09,29670,94.44
2017-11-10,29508,94.39
2017-11-13,29619,94.49
2017-11-14,29620,93.83
2017-11-15,29528,93.81
2017-11-16,29491,93.93
2017-11-17,29658,93.66
2017-11-20,29339,94.08
2017-11-21,29334,93.95
2017-11-22,29504,93.22
2017-11-23,29420,93.22
2017-11-24,29375,92.78
2017-11-27,29460,92.9
2017-11-28,29381,93.27
2017-11-29,29215,93.16
2017-11-30,28992,93.05
2017-12-01,29217,92.89
2017-12-04,29059,93.19
2017-12-05,28893,93.38
2017-12-06,28972,93.61
2017-12-07,28670,93.8
2017-12-08,28588,93.9
2017-12-11,28429,93.87
2017-12-12,28318,94.1
2017-12-13,28377,93.43
2017-12-14,28500,93.49
2017-12-15,28441,93.93
2017-12-18,28663,93.69
2017-12-19,28555,93.44
2017-12-20,28617,93.31
2017-12-21,28596,93.28
2017-12-22,28757,93.35
2017-12-26,28924,93.26
2017-12-27,29092,93.03
2017-12-28,29171,92.6
2017-12-29,29372,92.12
2018-01-01,29324,92.25
2018-01-02,29392,91.87
2018-01-03,29481,92.16
2018-01-04,29472,91.85
2018-01-05,29465,91.95
2018-01-08,29270,92.36
2018-01-09,29173,92.53
2018-01-10,29343,92.33
2018-01-11,29404,91.85
2018-01-12,29553,90.97
2018-01-15,29763,90.97
2018-01-16,29830,90.39
2018-01-17,29761,90.54
2018-01-18,29644,90.5
2018-01-19,29743,90.57
2018-01-22,29806,90.4
2018-01-23,29876,90.12
2018-01-24,30244,89.21
2018-01-25,30367,89.39
2018-01-29,30074,89.31
2018-01-30,30052,89.16
2018-01-31,30064,89.13
2018-02-01,30512,88.67
2018-02-02,30399,89.19
2018-02-05,30286,89.55
2018-02-06,30182,89.58
2018-02-07,29976,90.25
2018-02-08,30103,90.23
2018-02-09,29999,90.44
2018-02-12,30133,90.21
2018-02-13,30195,89.7
2018-02-14,30605,89.12
2018-02-15,30549,88.59
2018-02-16,30785,89.1
2018-02-19,30715,89.1
2018-02-20,30524,89.72
2018-02-21,30459,90.0
2018-02-22,30564,89.74
2018-02-23,30492,89.88
2018-02-26,30518,89.85
2018-02-27,30306,90.36
2018-02-28,30423,90.61
2018-03-01,30181,90.32
2018-03-02,30473,89.94
2018-03-05,30429,90.08
2018-03-06,30568,89.62
2018-03-07,30461,89.64
2018-03-08,30436,90.18
2018-03-09,30408,90.09
2018-03-12,30340,89.89
2018-03-13,30387,89.66
2018-03-14,30413,89.7
2018-03-15,30314,90.14
2018-03-16,30251,90.23
2018-03-19,30432,89.77
2018-03-20,30284,90.37
2018-03-21,30464,89.78
2018-03-22,30506,89.86
2018-03-23,30901,89.48
2018-03-26,30889,89.03
2018-03-27,30717,89.33
2018-03-28,30518,90.06
2018-03-29,30426,90.15
2018-04-02,30961,90.05
2018-04-03,30625,90.2
2018-04-04,30886,90.14
2018-04-05,30505,90.46
2018-04-06,30605,90.11
2018-04-09,30675,89.84
2018-04-10,30798,89.59
2018-04-11,31244,89.57
2018-04-12,30897,89.75
2018-04-13,31005,89.8
2018-04-16,31167,89.42
2018-04-17,31257,89.52
2018-04-18,31410,89.62
2018-04-19,31479,89.94
2018-04-20,31314,90.32
2018-04-23,31164,90.95
2018-04-24,31262,90.77
2018-04-25,31301,91.17
2018-04-26,31158,91.56
2018-04-27,31129,91.54
2018-04-30,30947,91.84
2018-05-01,30874,92.45
2018-05-02,30926,92.51
2018-05-03,31003,92.41
2018-05-04,31068,92.57
2018-05-07,31247,92.75
2018-05-08,31200,93.12
2018-05-09,31303,93.04
2018-05-10,31352,92.65
2018-05-11,31500,92.54
2018-05-14,31496,92.59
2018-05-15,31186,93.22
2018-05-16,31007,93.39
2018-05-17,30986,93.47
2018-05-18,31093,93.64
2018-05-21,31114,93.68
2018-05-22,31111,93.61
2018-05-23,31186,94.0
2018-05-24,31461,93.76
2018-05-25,31194,94.19
2018-05-28,30971,94.19
2018-05-29,31184,94.83
2018-05-30,31030,94.15
2018-05-31,30882,93.98
2018-06-01,30568,94.19
2018-06-04,30708,94.02
2018-06-05,30699,93.9
2018-06-06,30755,93.66
2018-06-07,31055,93.4
2018-06-08,31076,93.55
2018-06-11,31035,93.58
2018-06-12,30952,93.8
2018-06-13,30952,93.71
2018-06-14,31145,94.77
2018-06-15,30804,94.79
2018-06-18,30773,94.8
2018-06-19,30702,95.08
2018-06-20,30605,95.06
2018-06-21,30451,94.74
2018-06-22,30498,94.52
2018-06-25,30540,94.28
2018-06-26,30480,94.66
2018-06-27,30606,95.27
2018-06-28,30431,95.39
2018-06-29,30363,94.64
2018-07-02,30153,95.03
2018-07-03,30469,94.67
2018-07-04,30510,94.67
2018-07-05,30541,94.47
2018-07-06,30582,94.04
2018-07-09,30638,94.08
2018-07-10,30551,94.15
2018-07-11,30344,94.72
2018-07-12,30175,94.81
2018-07-13,30131,94.75
2018-07-16,30103,94.51
2018-07-17,29757,94.94
2018-07-18,29799,95.08
2018-07-19,29913,95.15
2018-07-20,29957,94.45
2018-07-23,29914,94.67
2018-07-24,29912,94.61
2018-07-25,29959,94.36
2018-07-26,29836,94.75
2018-07-27,29805,94.67
2018-07-30,29755,94.32
2018-07-31,29638,94.49
2018-08-01,29462,94.62
2018-08-02,29520,95.16
2018-08-03,29800,95.14
2018-08-06,29563,95.36
2018-08-07,29534,95.22
2018-08-08,29544,95.05
2018-08-09,29605,95.5
2018-08-10,29706,96.36
2018-08-13,29665,96.39
2018-08-14,29664,96.73
2018-08-16,29275,96.64
2018-08-17,29275,96.1
2018-08-20,29435,95.9
2018-08-21,29542,95.26
2018-08-22,29627,95.15
2018-08-23,29576,95.67
2018-08-24,29882,95.15
2018-08-27,29973,94.78
2018-08-28,29981,94.72
2018-08-29,30144,94.6
2018-08-30,30131,94.72
2018-08-31,30116,95.14
2018-09-03,30327,95.14
2018-09-04,30221,95.44
2018-09-05,30310,95.18
2018-09-06,30565,95.02
2018-09-07,30509,95.36
2018-09-10,30725,95.15
2018-09-11,30732,95.25
2018-09-12,30664,94.8
2018-09-13,30470,94.52
2018-09-14,30453,94.93
2018-09-17,30778,94.5
2018-09-18,30811,94.64
2018-09-19,30649,94.54
2018-09-20,30623,93.91
2018-09-21,30609,94.22
2018-09-24,30862,94.19
2018-09-25,30838,94.13
2018-09-26,30608,94.19
2018-09-27,30356,94.89
2018-09-28,30479,95.13
2018-10-01,30614,95.3
2018-10-03,31025,95.76
2018-10-04,31136,95.75
2018-10-05,31233,95.62
2018-10-08,31096,95.76
2018-10-09,31161,95.67
2018-10-10,31247,95.51
2018-10-11,31793,95.02
2018-10-12,31670,95.22
2018-10-15,31877,95.06
2018-10-16,31701,95.05
2018-10-17,31702,95.58
2018-10-18,31885,95.9
2018-10-19,31737,95.71
2018-10-22,31729,96.01
2018-10-23,31871,95.96
2018-10-24,31723,96.43
2018-10-25,31683,96.68
2018-10-26,31764,96.36
2018-10-29,31730,96.58
2018-10-30,31725,97.01
2018-10-31,31631,97.13
2018-11-01,31783,96.28
2018-11-02,31737,96.54
2018-11-05,31783,96.28
2018-11-06,31657,96.32
2018-11-07,31602,96.0
2018-11-08,31408,96.72
2018-11-09,31023,96.91
2018-11-12,31014,97.54
2018-11-13,30778,97.3
2018-11-14,30838,96.8
2018-11-15,30831,96.93
2018-11-16,31017,96.47
2018-11-19,30888,96.19
2018-11-20,30830,96.84
2018-11-21,30839,96.71
2018-11-22,30613,96.71
2018-11-23,30513,96.92
2018-11-26,30574,97.07
2018-11-27,30423,97.37
2018-11-28,30457,96.79
2018-11-29,30253,96.78
2018-11-30,30186,97.27
2018-12-03,30787,97.04
2018-12-04,30964,96.97
2018-12-05,30926,97.07
2018-12-06,31005,96.81
2018-12-07,31440,96.51
2018-12-10,31895,97.22
2018-12-11,31812,97.39
2018-12-12,31626,97.04
2018-12-13,31414,97.06
2018-12-14,31437,97.44
2018-12-17,31501,97.1
2018-12-18,31075,97.1
2018-12-19,31139,97.03
2018-12-20,31219,96.28
2018-12-21,31126,96.96
2018-12-24,31375,96.55
2018-12-26,31463,97.05
2018-12-27,31611,96.48
2018-12-28,31506,96.4
2018-12-31,31489,96.17
2019-01-01,31560,96.17
2019-01-02,31934,96.82
2019-01-03,31939,96.31
2019-01-04,31679,96.18
2019-01-07,31652,95.67
2019-01-08,31736,95.9
2019-01-09,31993,95.22
2019-01-10,31878,95.54
2019-01-11,31924,95.67
2019-01-14,32130,95.61
2019-01-15,32169,96.04
2019-01-16,32272,96.06
2019-01-17,32253,96.06
2019-01-18,32089,96.34
2019-01-21,32039,96.34
2019-01-22,32154,96.3
2019-01-23,32135,96.12
2019-01-24,32016,96.6
2019-01-25,32339,95.79
2019-01-28,32536,95.75
2019-01-29,32891,95.82
2019-01-30,32903,95.34
2019-01-31,33100,95.58
2019-02-01,33405,95.58
2019-02-04,33455,95.85
2019-02-05,33381,96.07
2019-02-06,33222,96.39
2019-02-07,33056,96.51
2019-02-08,33125,96.64
2019-02-11,32931,97.06
2019-02-12,32747,96.71
2019-02-13,32909,97.13
2019-02-14,32970,96.98
2019-02-15,33263,96.9
2019-02-18,33463,96.9
2019-02-19,33753,96.52
2019-02-20,33719,96.45
2019-02-21,33302,96.61
2019-02-22,33369,96.51
2019-02-25,33159,96.41
2019-02-26,33228,96.0
2019-02-27,33171,96.15
2019-02-28,32902,96.16
2019-03-01,32533,96.53
2019-03-04,32505,96.68
2019-03-05,32015,96.87
2019-03-06,31954,96.87
2019-03-07,31946,97.67
2019-03-08,32174,97.31
2019-03-11,31915,97.22
2019-03-12,32015,96.94
2019-03-13,32225,96.55
2019-03-14,31832,96.78
2019-03-15,31853,96.59
2019-03-18,31685,96.52
2019-03-19,31985,96.38
2019-03-20,31740,95.76
2019-03-21,31842,96.5
2019-03-22,32155,96.65
2019-03-25,32223,96.57
2019-03-26,32113,96.74
2019-03-27,32019,96.77
2019-03-28,31624,97.2
2019-03-29,31703,97.28
2019-04-01,31570,97.23
2019-04-02,31535,97.36
2019-04-03,31450,97.09
2019-04-04,31503,97.31
2019-04-05,31566,97.39
2019-04-08,32076,97.05
2019-04-09,32098,97.01
2019-04-10,32174,96.95
2019-04-11,31663,97.18
2019-04-12,31760,96.97
2019-04-15,31760,96.94
2019-04-16,31474,97.04
2019-04-17,31410,97.01
2019-04-18,31403,97.47
2019-04-22,31531,97.29
2019-04-23,31525,97.64
2019-04-24,31759,98.17
2019-04-25,31843,98.2
2019-04-26,31868,98.01
2019-04-30,31625,97.48
2019-05-01,31563,97.69
2019-05-02,31203,97.83
2019-05-03,31341,97.52
2019-05-06,31578,97.52
2019-05-07,31739,97.63
2019-05-08,31697,97.62
2019-05-09,31926,97.37
2019-05-10,31917,97.33
2019-05-13,32499,97.32
2019-05-14,32248,97.53
2019-05-15,32261,97.57
2019-05-16,31985,97.86
2019-05-17,31809,98.0
2019-05-20,31566,97.93
2019-05-21,31442,98.06
2019-05-22,31452,98.04
2019-05-23,31696,97.86
2019-05-24,31554,97.61
2019-05-27,31630,97.61
2019-05-28,31569,97.95
2019-05-29,31760,98.14
2019-05-30,31831,98.14
2019-05-31,32131,97.75
2019-06-03,32405,97.14
2019-06-04,32465,97.07
2019-06-05,32607,97.32
2019-06-06,32734,97.04
2019-06-07,32867,96.54
2019-06-10,32611,96.76
2019-06-11,32576,96.69
2019-06-12,32685,97.0
2019-06-13,32884,97.01
2019-06-14,32984,97.57
2019-06-17,32961,97.56
2019-06-18,32939,97.64
2019-06-19,32976,97.12
2019-06-20,33838,96.63
2019-06-21,33960,96.22
2019-06-24,34214,95.98
2019-06-25,34300,96.14
2019-06-26,34135,96.21
2019-06-27,33931,96.19
2019-06-28,33947,96.13
2019-07-01,33348,96.84
2019-07-02,33779,96.73
2019-07-03,34077,96.77
2019-07-04,34023,96.77
2019-07-05,34370,97.29
2019-07-08,34535,97.38
2019-07-09,34533,97.49
2019-07-10,34765,97.1
2019-07-11,34612,97.05
2019-07-12,34812,96.81
2019-07-15,34792,96.93
2019-07-16,34738,97.39
2019-07-17,35039,97.22
2019-07-18,35117,96.79
2019-07-19,35033,97.15
2019-07-22,35143,97.26
2019-07-23,35030,97.7
2019-07-24,35036,97.73
2019-07-25,34850,97.82
2019-07-26,34815,98.01
2019-07-29,34788,98.04
2019-07-30,34737,98.05
2019-07-31,34714,98.52
2019-08-01,35134,98.37
2019-08-02,35705,98.07
2019-08-05,36711,97.52
2019-08-06,37182,97.63
2019-08-07,37899,97.54
2019-08-08,37311,97.62
2019-08-09,37558,97.49
2019-08-12,37812,97.38
2019-08-13,37268,97.81
2019-08-14,37688,97.99
2019-08-16,37487,98.14
2019-08-19,37484,98.35
2019-08-20,37640,98.19
2019-08-21,37598,98.3
2019-08-22,37779,98.17
2019-08-23,38357,97.64
2019-08-26,38415,98.08
2019-08-27,38644,98.0
2019-08-28,38772,98.21
2019-08-29,38426,98.51
2019-08-30,38300,98.92
2019-09-02,38708,98.92
2019-09-03,39314,99.0
2019-09-04,39337,98.45
2019-09-05,38504,98.41
2019-09-06,38551,98.39
2019-09-09,38459,98.28
2019-09-10,38248,98.33
2019-09-11,37965,98.64
2019-09-12,37747,98.31
2019-09-13,37517,98.26
2019-09-16,38161,98.61
2019-09-17,37995,98.26
2019-09-18,37837,98.56
2019-09-19,37672,98.27
2019-09-20,37669,98.51
2019-09-23,37905,98.6
2019-09-24,38091,98.34
2019-09-25,37571,99.04
2019-09-26,37773,99.13
2019-09-27,37706,99.11
2019-09-30,36873,99.38
2019-10-01,37377,99.13
2019-10-03,38012,98.86
2019-10-04,38002,98.81
2019-10-07,37978,98.97
2019-10-08,38242,99.13
2019-10-09,38384,99.12
2019-10-10,38120,98.7
2019-10-11,37839,98.3
2019-10-14,38250,98.45
2019-10-15,38067,98.29
2019-10-16,38248,98.0
2019-10-17,38216,97.61
2019-10-18,38121,97.28
2019-10-21,37969,97.33
2019-10-22,38025,97.53
2019-10-23,38124,97.49
2019-10-24,38452,97.63
2019-10-25,38362,97.83
2019-10-28,38103,97.76
2019-10-29,38110,97.69
2019-10-30,38369,97.65
2019-10-31,38842,97.35
2019-11-01,38652,97.24
2019-11-04,38734,97.5
2019-11-05,38458,97.98
2019-11-06,38239,97.95
2019-11-07,37595,98.14
2019-11-08,37705,98.35
2019-11-11,37688,98.2
2019-11-12,37740,98.31
2019-11-13,38107,98.37
2019-11-14,38269,98.16
2019-11-15,38002,98.0
2019-11-18,38228,97.79
2019-11-19,38206,97.86
2019-11-20,38155,97.93
2019-11-21,37971,97.99
2019-11-22,37927,98.27
2019-11-25,37782,98.32
2019-11-26,37775,98.25
2019-11-27,37578,98.37
2019-11-28,37780,98.37
2019-11-29,37961,98.27
2019-12-02,37915,97.86
2019-12-03,38267,97.74
2019-12-04,38188,97.65
2019-12-05,38095,97.41
2019-12-06,37748,97.7
2019-12-09,37638,97.64
2019-12-10,37604,97.41
2019-12-11,37693,97.08
2019-12-12,37559,97.4
2019-12-13,37776,97.17
2019-12-16,37873,97.02
2019-12-17,37961,97.22
2019-12-18,37932,97.4
2019-12-19,38110,97.38
2019-12-20,38002,97.69
2019-12-23,38231,97.66
2019-12-24,38624,97.65
2019-12-26,38767,97.53
2019-12-27,38978,96.92
2019-12-30,38823,96.74
2019-12-31,38999,96.39
2020-01-01,38938,96.39
2020-01-02,39220,96.85
2020-01-03,39925,96.84
2020-01-06,40448,96.67
2020-01-07,40635,97.0
2020-01-08,40078,97.3
2020-01-09,39806,97.45
2020-01-10,39849,97.36
2020-01-13,39541,97.34
2020-01-14,39443,97.37
2020-01-15,39598,97.23
2020-01-16,39676,97.32
2020-01-17,39920,97.64
2020-01-20,39927,97.61
2020-01-21,39892,97.53
2020-01-22,39893,97.53
2020-01-23,40255,97.69
2020-01-24,40322,97.85
2020-01-27,40557,97.96
2020-01-28,40200,98.02
2020-01-29,40321,97.99
2020-01-30,40897,97.87
2020-01-31,41012,97.39
2020-02-03,40633,97.8
2020-02-04,40056,97.96
2020-02-05,40213,98.3
2020-02-06,40287,98.5
2020-02-07,40563,98.68
2020-02-10,40607,98.83
2020-02-11,40353,98.72
2020-02-12,40427,99.05
2020-02-13,40580,99.07
2020-02-14,40879,99.12
2020-02-17,40686,99.0
2020-02-18,41311,99.44
2020-02-19,41463,99.71
2020-02-20,41886,99.86
2020-02-21,42511,99.26
2020-02-24,43456,99.36
2020-02-25,42675,98.97
2020-02-26,42349,99.0
2020-02-27,42193,98.51
2020-02-28,41763,98.13
2020-03-02,42017,97.36
2020-03-03,43100,97.15
2020-03-04,43235,97.34
2020-03-05,43874,96.82
2020-03-06,44098,95.95
2020-03-09,44308,94.89
2020-03-10,43694,96.41
2020-03-11,43334,96.51
2020-03-12,42217,97.47
2020-03-13,40382,98.75
2020-03-16,39548,98.07
2020-03-17,40279,99.57
2020-03-18,39764,101.16
2020-03-19,39889,102.75
2020-03-20,40419,102.82
2020-03-23,41317,102.49
2020-03-24,41873,102.04
2020-03-25,42713,101.05
2020-03-26,43631,99.35
2020-03-27,43590,98.36
2020-03-30,43883,99.18
2020-03-31,43225,99.05
2020-04-01,43578,99.67
2020-04-03,44298,100.58
2020-04-07,45043,99.9
2020-04-08,44944,100.12
2020-04-09,45279,99.52
2020-04-13,46270,99.35
2020-04-15,46696,99.46
2020-04-16,47203,100.03
2020-04-17,45855,99.78
2020-04-20,45724,99.96
2020-04-21,45383,100.26
2020-04-22,46189,100.39
2020-04-23,46475,100.43
2020-04-24,46550,100.38
2020-04-27,46353,100.04
2020-04-28,46188,99.86
2020-04-29,45439,99.57
2020-04-30,44647,99.02
2020-05-01,45251,99.08
2020-05-04,45762,99.48
2020-05-05,45539,99.71
2020-05-06,45387,100.09
2020-05-07,46147,99.89
2020-05-08,45820,99.73
2020-05-11,45785,100.24
2020-05-12,45635,99.93
2020-05-13,45983,100.24
2020-05-14,46631,100.47
2020-05-15,47352,100.4
2020-05-18,46652,99.67
2020-05-19,47036,99.37
2020-05-20,47129,99.12
2020-05-21,46417,99.37
2020-05-22,47057,99.86
2020-05-25,46953,99.86
2020-05-26,46393,98.91
2020-05-27,46647,99.06
2020-05-28,46474,98.38
2020-05-29,46858,98.34
2020-06-01,47018,97.83
2020-06-02,46796,97.67
2020-06-03,46203,97.28
2020-06-04,46781,96.68
2020-06-05,46346,96.94
2020-06-08,46110,96.62
2020-06-09,46595,96.32
2020-06-10,46629,95.96
2020-06-11,47405,96.73
2020-06-12,47325,97.32
2020-06-15,46999,96.71
2020-06-16,47534,96.96
2020-06-17,47320,97.16
2020-06-18,47328,97.42
2020-06-19,47907,97.62
2020-06-22,47912,97.04
2020-06-23,48186,96.65
2020-06-24,48105,97.15
2020-06-25,47952,97.43
2020-06-26,48363,97.43
2020-06-29,48194,97.54
2020-06-30,48861,97.39
2020-07-01,48400,97.2
2020-07-02,48437,97.32
2020-07-03,48336,97.17
2020-07-06,48247,96.72
2020-07-07,48796,96.88
2020-07-08,49160,96.43
2020-07-09,48896,96.7
2020-07-10,48883,96.65
2020-07-13,49180,96.46
2020-07-14,49277,96.26
2020-07-15,49182,96.08
2020-07-16,48811,96.35
2020-07-17,49001,95.94
2020-07-20,49067,95.83
2020-07-21,49559,95.12
2020-07-22,50115,94.99
2020-07-23,50762,94.69
2020-07-24,51120,94.43
2020-07-27,52227,93.67
2020-07-28,52731,93.7
2020-07-29,53207,93.45
2020-07-30,52986,93.02
2020-07-31,53582,93.35
2020-08-03,53927,93.54
2020-08-04,54784,93.38
2020-08-05,55597,92.87
2020-08-06,56117,92.79
2020-08-07,55018,93.43
2020-08-10,55243,93.58
2020-08-11,52144,93.63
2020-08-12,52505,93.44
2020-08-13,53148,93.33
2020-08-14,52451,93.1
2020-08-17,53435,92.85
2020-08-18,53738,92.27
2020-08-19,52824,92.89
2020-08-20,52302,92.79
2020-08-21,52045,93.25
2020-08-24,51385,93.3
2020-08-25,50936,93.02
2020-08-26,51619,93.01
2020-08-27,50507,93.0
2020-08-28,51050,92.37
2020-08-31,51099,92.14
2020-09-01,51017,92.34
2020-09-02,50577,92.85
2020-09-03,50768,92.74
2020-09-04,50728,92.72
2020-09-07,51149,92.72
2020-09-08,51433,93.44
2020-09-09,51486,93.25
2020-09-10,51832,93.34
2020-09-11,51393,93.33
2020-09-14,51759,93.05
2020-09-15,51818,93.05
2020-09-16,51876,93.21
2020-09-17,51498,92.97
2020-09-18,51764,92.93
2020-09-21,50512,93.66
2020-09-22,50454,93.99
2020-09-23,49576,94.39
2020-09-24,49959,94.35
2020-09-25,49539,94.64
2020-09-28,49928,94.28
2020-09-29,50607,93.89
2020-09-30,50232,93.89
2020-10-01,50345,93.71
2020-10-05,50809,93.51
2020-10-06,50617,93.69
2020-10-07,50133,93.63
2020-10-08,50239,93.61
2020-10-09,50872,93.06
2020-10-12,51166,93.07
2020-10-13,50306,93.53
2020-10-14,50614,93.38
2020-10-15,50775,93.86
2020-10-16,50605,93.68
2020-10-19,50751,93.43
2020-10-20,50937,93.07
2020-10-21,51313,92.61
2020-10-22,50741,92.95
2020-10-23,50820,92.77
2020-10-26,50953,93.04
2020-10-27,50984,92.94
2020-10-28,50483,93.4
2020-10-29,50276,93.96
2020-10-30,50641,94.04
2020-11-02,51032,94.13
2020-11-03,51509,93.55
2020-11-04,50829,93.41
2020-11-05,51901,92.53
2020-11-06,52190,92.23
2020-11-09,49795,92.72
2020-11-10,50561,92.75
2020-11-11,50230,93.04
2020-11-12,50652,92.96
2020-11-13,50956,92.75
2020-11-16,50870,92.64
2020-11-17,50806,92.42
2020-11-18,50377,92.32
2020-11-19,50063,92.29
2020-11-20,50279,92.39
2020-11-23,49555,92.5
2020-11-24,48683,92.23
2020-11-25,48568,91.99
2020-11-26,48597,91.99
2020-11-27,48189,91.79
2020-11-30,47898,91.87
2020-12-01,48641,91.31
2020-12-02,48959,91.12
2020-12-03,49061,90.71
2020-12-04,49322,90.7
2020-12-07,49923,90.79
2020-12-08,50049,90.96
2020-12-09,49256,91.09
2020-12-10,49081,90.82
2020-12-11,49306,90.98
2020-12-14,48916,90.71
2020-12-15,49416,90.47
2020-12-16,49544,90.45
2020-12-17,50263,89.82
2020-12-18,50100,90.02
2020-12-21,50146,90.04
2020-12-22,49768,90.65
2020-12-23,49909,90.41
2020-12-24,49787,90.32
2020-12-28,49761,90.34
2020-12-29,49722,89.99
2020-12-30,49881,89.68
2020-12-31,50081,89.94
2021-01-01,50081,89.94
2021-01-04,51349,89.87
2021-01-05,51456,89.44
2021-01-06,50545,89.53
2021-01-07,50918,89.83
2021-01-08,49035,90.1
2021-01-11,49386,90.46
2021-01-12,49098,90.09
2021-01-13,49354,90.36
2021-01-14,49238,90.24
2021-01-15,48745,90.77
2021-01-18,48918,90.76
2021-01-19,49011,90.5
2021-01-20,49528,90.47
2021-01-21,49418,90.13
2021-01-22,49131,90.24
2021-01-25,49144,90.39
2021-01-27,48879,90.65
2021-01-28,48672,90.46
2021-01-29,49111,90.58
2021-02-01,48424,90.98
2021-02-02,47752,91.2
2021-02-03,47703,91.17
2021-02-04,46695,91.53
2021-02-05,46978,91.04
2021-02-08,47726,90.93
2021-02-09,47818,90.44
2021-02-10,47863,90.37
2021-02-11,47377,90.42
2021-02-12,47169,90.48
2021-02-15,47118,90.48
2021-02-16,46777,90.51
2021-02-17,46134,90.95
2021-02-18,46046,90.59
2021-02-19,46095,90.36
2021-02-22,46782,90.01
2021-02-23,46632,90.17
2021-02-24,46369,90.18
2021-02-25,46085,90.13
2021-02-26,45569,90.88
2021-03-01,45021,91.04
2021-03-02,45224,90.79
2021-03-03,44721,90.95
2021-03-04,44581,91.63
2021-03-05,44442,91.98
2021-03-08,44233,92.31
2021-03-09,44844,91.96
2021-03-10,44774,91.82
2021-03-11,44876,91.42
2021-03-12,44737,91.68
2021-03-15,44906,91.83
2021-03-16,44820,91.86
2021-03-17,44848,91.44
2021-03-18,44942,91.86
2021-03-19,45008,91.92
2021-03-22,44885,91.74
2021-03-23,44636,92.34
2021-03-24,44841,92.53
2021-03-25,44726,92.53
2021-03-26,44629,92.77
2021-03-29,43754,92.94
2021-03-30,43941,93.3
2021-03-31,44418,93.23
2021-04-01,44957,92.93
2021-04-05,44985,92.6
2021-04-06,45685,92.33
2021-04-07,46128,92.46
2021-04-08,46576,92.06
2021-04-09,46344,92.16
2021-04-12,46188,92.14
2021-04-13,46674,91.85
2021-04-14,46317,91.69
2021-04-15,46881,91.69
2021-04-16,47022,91.56
2021-04-19,47084,91.07
2021-04-20,47498,91.24
2021-04-21,47892,91.15
2021-04-22,47426,91.33
2021-04-23,47169,90.86
2021-04-26,47117,90.81
2021-04-27,46960,90.91
2021-04-28,46697,90.61
2021-04-29,46400,90.61
2021-04-30,46431,91.28
2021-05-03,46963,90.94
2021-05-04,46782,91.29
2021-05-05,46591,91.31
2021-05-06,47536,90.95
2021-05-07,47719,90.23
2021-05-10,47925,90.21
2021-05-11,47625,90.14
2021-05-12,47491,90.71
2021-05-13,47452,90.75
2021-05-14,47682,90.32
2021-05-17,48437,90.16
2021-05-18,48288,89.75
2021-05-19,48660,90.19
2021-05-20,48519,89.81
2021-05-21,48368,90.02
2021-05-24,48514,89.84
2021-05-25,48780,89.64
2021-05-26,48728,90.04
2021-05-27,48561,89.97
2021-05-28,48543,90.03
2021-05-31,48807,90.03
2021-06-01,48935,89.83
2021-06-02,49108,89.91
2021-06-03,48293,90.51
2021-06-04,48650,90.14
2021-06-07,48911,89.95
2021-06-08,48908,90.08
2021-06-09,48904,90.12
2021-06-10,48975,90.07
2021-06-11,48717,90.56
2021-06-14,48318,90.52
2021-06-15,48230,90.54
2021-06-16,48279,91.13
2021-06-17,46781,91.89
2021-06-18,46592,92.22
2021-06-21,46904,91.9
2021-06-22,46838,91.76
2021-06-23,46921,91.8
2021-06-24,46701,91.81
2021-06-25,46757,91.85
2021-06-28,46821,91.89
2021-06-29,46438,92.05
2021-06-30,46817,92.44
2021-07-01,46985,92.6
2021-07-02,47286,92.23
2021-07-05,47567,92.21
2021-07-06,47694,92.55
2021-07-07,47887,92.64
2021-07-08,47735,92.42
2021-07-09,47898,92.13
2021-07-12,47768,92.26
2021-07-13,47887,92.75
2021-07-14,48265,92.41
2021-07-15,48358,92.62
2021-07-16,48040,92.69
2021-07-19,48069,92.89
2021-07-20,47861,92.97
2021-07-21,47584,92.75
2021-07-22,47624,92.82
2021-07-23,47521,92.91
2021-07-26,47455,92.65
2021-07-27,47551,92.43
2021-07-28,47535,92.32
2021-07-29,48210,91.86
2021-07-30,47901,92.17
2021-08-02,47937,92.05
2021-08-03,47854,92.08
2021-08-04,47872,92.27
2021-08-05,47959,92.24
2021-08-06,46682,92.8
2021-08-09,45949,92.94
2021-08-10,45936,93.06
2021-08-11,46351,92.92
2021-08-12,46335,93.04
2021-08-13,46886,92.52
2021-08-16,47138,92.63
2021-08-17,47206,93.13
2021-08-18,47069,93.14
2021-08-19,47119,93.57
2021-08-20,47110,93.5
2021-08-23,47511,92.96
2021-08-24,47532,92.89
2021-08-25,47108,92.82
2021-08-26,47163,93.06
2021-08-27,47416,92.69
2021-08-30,47049,92.65
2021-08-31,47060,92.63
2021-09-01,47093,92.45
2021-09-02,47048,92.22
2021-09-03,47342,92.04
2021-09-06,47450,92.04
2021-09-07,46989,92.51
2021-09-08,47072,92.65
2021-09-09,47021,92.48
2021-09-10,46858,92.58
2021-09-13,46946,92.68
2021-09-14,47267,92.62
2021-09-15,46949,92.55
2021-09-16,46120,92.93
2021-09-17,46025,93.19
2021-09-20,46297,93.28
2021-09-21,46641,93.2
2021-09-22,46682,93.46
2021-09-23,46083,93.03
2021-09-24,45995,93.33
2021-09-27,46064,93.38
2021-09-28,45819,93.77
2021-09-29,45550,94.34
2021-09-30,46221,94.23
2021-10-01,46315,94.04
2021-10-04,46618,93.78
2021-10-05,46459,93.97
2021-10-06,46781,94.27
2021-10-07,46737,94.22
2021-10-08,46922,94.07
2021-10-11,46941,94.32
2021-10-12,47097,94.52
2021-10-13,47753,94.08
2021-10-14,47748,93.96
2021-10-15,47106,93.94
2021-10-18,47186,93.95
2021-10-19,47196,93.73
2021-10-20,47380,93.56
2021-10-21,47314,93.77
2021-10-22,47668,93.64
2021-10-25,48030,93.81
2021-10-26,47680,93.95
2021-10-27,47804,93.8
2021-10-28,47777,93.35
2021-10-29,47502,94.12
2021-11-01,47692,93.88
2021-11-02,47683,94.09
2021-11-03,46961,93.86
2021-11-04,47559,94.35
2021-11-05,47959,94.32
2021-11-08,48025,94.05
2021-11-09,48263,93.96
2021-11-10,48857,94.85
2021-11-11,49208,95.18
2021-11-12,49277,95.13
2021-11-15,49269,95.41
2021-11-16,49038,95.92
2021-11-17,49262,95.83
2021-11-18,49047,95.54
2021-11-19,48829,96.03
2021-11-22,47963,96.55
2021-11-23,47460,96.49
2021-11-24,47469,96.88
2021-11-25,47444,96.77
2021-11-26,47610,96.09
2021-11-29,47613,96.34
2021-11-30,47439,95.99
2021-12-01,47525,96.03
2021-12-02,47307,96.16
2021-12-03,47425,96.12
2021-12-06,47787,96.33
2021-12-07,47922,96.37
2021-12-08,47900,95.89
2021-12-09,47802,96.27
2021-12-10,47993,96.1
2021-12-13,48106,96.32
2021-12-14,47895,96.57
2021-12-15,47900,96.51
2021-12-16,48407,96.04
2021-12-17,48467,96.57
2021-12-20,48130,96.55
2021-12-21,47933,96.49
2021-12-22,48026,96.08
2021-12-23,48012,96.02
2021-12-27,47933,96.09
2021-12-28,47888,96.2
2021-12-29,47673,95.93
2021-12-30,47746,95.97
2021-12-31,47994,95.97
2022-01-03,47473,96.21
2022-01-04,47763,96.26
2022-01-05,47974,96.17
2022-01-06,47499,96.32
2022-01-07,47481,95.72
2022-01-10,47471,95.99
2022-01-11,47694,95.62
2022-01-12,47802,94.92
2022-01-13,47759,94.79
2022-01-14,47803,95.17
2022-01-17,47908,95.26
2022-01-18,47926,95.73
2022-01-19,48368,95.51
2022-01-20,48372,95.74
2022-01-21,48243,95.64
2022-01-24,48537,95.92
2022-01-25,48836,95.95
2022-01-27,47974,97.25
2022-01-28,47652,97.27
2022-01-31,47840,96.54
2022-02-01,47966,96.39
2022-02-02,48049,95.94
2022-02-03,47884,95.38
2022-02-04,48081,95.49
2022-02-07,48168,95.4
2022-02-08,48345,95.64
2022-02-09,48575,95.49
2022-02-10,48867,95.55
2022-02-11,49024,96.08
2022-02-14,49827,96.37
2022-02-15,49332,95.99
2022-02-16,49546,95.7
2022-02-17,50277,95.8
2022-02-18,50034,96.04
2022-02-21,49998,96.08
2022-02-22,50186,96.03
2022-02-23,50226,96.19
2022-02-24,51403,97.14
2022-02-25,50039,96.61
2022-02-28,50530,96.71
2022-03-01,51565,97.41
2022-03-02,51133,97.39
2022-03-03,51569,97.79
2022-03-04,52274,98.65
2022-03-07,53461,99.29
2022-03-08,54146,99.06
2022-03-09,52724,97.97
2022-03-10,53183,98.51
2022-03-11,52828,99.12
2022-03-14,52238,99.0
2022-03-15,51522,99.1
2022-03-16,51105,98.62
2022-03-17,51597,97.97
2022-03-18,51383,98.23
2022-03-21,51546,98.5
2022-03-22,51219,98.49
2022-03-23,51580,98.62
2022-03-24,51841,98.79
2022-03-25,51687,98.79
2022-03-28,51442,99.09
2022-03-29,50730,98.4
2022-03-30,51042,97.79
2022-03-31,51633,98.31
2022-04-01,51264,98.63
2022-04-04,51229,99.0
2022-04-05,51619,99.47
2022-04-06,51433,99.6
2022-04-07,51681,99.75
2022-04-08,51854,99.8
2022-04-11,51985,99.93
2022-04-12,52656,100.29
2022-04-13,52871,99.88
2022-04-14,52793,100.32
2022-04-18,53104,100.78
2022-04-19,52603,100.96
2022-04-20,52499,100.39
2022-04-21,52356,100.58
2022-04-22,52250,101.22
2022-04-25,51462,101.75
2022-04-26,51655,102.3
2022-04-27,51357,102.95
2022-04-28,51391,103.62
2022-04-29,51809,102.96
2022-05-02,50831,103.74
2022-05-03,51022,103.46
2022-05-04,50836,102.59
2022-05-05,51653,103.75
2022-05-06,51381,103.66
2022-05-09,51026,103.65
2022-05-10,50662,103.92
2022-05-11,50862,103.85
2022-05-12,50249,104.85
2022-05-13,49944,104.56
2022-05-16,50291,104.19
2022-05-17,50237,103.36
2022-05-18,50235,103.81
2022-05-19,50579,102.72
2022-05-20,50842,103.15
2022-05-23,50934,102.08
2022-05-24,51146,101.86
2022-05-25,50815,102.06
2022-05-26,50858,101.83
2022-05-27,50961,101.67
2022-05-30,50908,101.67
2022-05-31,50924,101.75
2022-06-01,50504,102.5
2022-06-02,51078,101.82
2022-06-03,51287,102.14
2022-06-06,50871,102.44
2022-06-07,50929,102.32
2022-06-08,51036,102.54
2022-06-09,50971,103.22
2022-06-10,51645,104.15
2022-06-13,50682,105.08
2022-06-14,50251,105.52
2022-06-15,50433,105.16
2022-06-16,50945,103.63
2022-06-17,50824,104.7
2022-06-20,50748,104.7
2022-06-21,50775,104.43
2022-06-22,50898,104.2
2022-06-23,50608,104.43
2022-06-24,50614,104.18
2022-06-27,50681,103.94
2022-06-28,50824,104.51
2022-06-29,50836,105.11
2022-06-30,50719,104.68
2022-07-01,52227,105.14
2022-07-04,51808,105.14
2022-07-05,52238,106.54
2022-07-06,50581,107.1
2022-07-07,50691,107.13
2022-07-08,50832,107.01
2022-07-11,50709,108.02
2022-07-12,50532,108.07
2022-07-13,50849,107.96
2022-07-14,50323,108.54
2022-07-15,50212,108.06
2022-07-18,50457,107.37
2022-07-19,50395,106.68
2022-07-20,50309,107.08
2022-07-21,50427,106.91
2022-07-22,50720,106.73
2022-07-25,50567,106.48
2022-07-26,50612,107.19
2022-07-27,50722,106.45
2022-07-28,51274,106.35
2022-07-29,51365,105.9
2022-08-01,51260,105.45
2022-08-02,51274,106.24
2022-08-03,51216,106.51
2022-08-04,51802,105.69
2022-08-05,51641,106.62
2022-08-08,52183,106.43
2022-08-09,52383,106.37
2022-08-10,52184,105.2
2022-08-11,52246,105.09
2022-08-12,52456,105.63
2022-08-16,51821,106.5
2022-08-17,51563,106.57
2022-08-18,51642,107.48
2022-08-19,51517,108.17
2022-08-22,51217,109.05
2022-08-23,51458,108.62
2022-08-24,51480,108.68
2022-08-25,51628,108.47
2022-08-26,51242,108.8
2022-08-29,51181,108.83
2022-08-30,50701,108.77
2022-08-31,50520,108.7
2022-09-01,50169,109.69
2022-09-02,50313,109.53
2022-09-05,50604,109.83
2022-09-06,50354,110.21
2022-09-07,50570,109.84
2022-09-08,50429,109.71
2022-09-09,50592,109.0
2022-09-12,50696,108.33
2022-09-13,50233,109.82
2022-09-14,50101,109.66
2022-09-15,49394,109.74
2022-09-16,49451,109.76
2022-09-19,49361,109.74
2022-09-20,49218,110.21
2022-09-21,49428,110.64
2022-09-22,49955,111.35
2022-09-23,49382,113.19
2022-09-26,49110,114.1
2022-09-27,49160,114.11
2022-09-28,49726,112.6
2022-09-29,49902,112.25
2022-09-30,50029,112.12
2022-10-03,50245,111.75
2022-10-04,51127,110.07
2022-10-05,51361,111.07
2022-10-06,51711,112.26
2022-10-07,51716,112.79
2022-10-10,50871,113.14
2022-10-11,50874,113.22
2022-10-12,50713,113.32
2022-10-13,50615,112.36
2022-10-14,50067,113.31
2022-10-17,50231,112.04
2022-10-18,50192,112.13
2022-10-19,49981,112.98
2022-10-20,49938,112.88
2022-10-21,50361,112.01
2022-10-24,50319,111.99
2022-10-25,50353,110.95
2022-10-26,50411,109.7
2022-10-27,50450,110.59
2022-10-28,49956,110.75
2022-10-31,50070,111.53
2022-11-01,50250,111.48
2022-11-02,50414,111.35
2022-11-03,49876,112.93
2022-11-04,50615,110.88
2022-11-07,50901,110.12
2022-11-08,51581,109.64
2022-11-09,51474,110.55
2022-11-10,52033,108.21
2022-11-11,52275,106.29
2022-11-14,52601,106.66
2022-11-15,52545,106.4
2022-11-16,52883,106.28
2022-11-17,52698,106.69
2022-11-18,52501,106.93
2022-11-21,52201,107.83
2022-11-22,52161,107.22
2022-11-23,52259,106.08
2022-11-24,52494,105.82
2022-11-25,52386,105.96
2022-11-28,52148,106.68
2022-11-29,52357,106.82
2022-11-30,52434,105.95
2022-12-01,53339,104.73
2022-12-02,53346,104.54
2022-12-05,53300,105.29
2022-12-06,53446,105.58
2022-12-07,53665,105.1
2022-12-08,53741,104.77
2022-12-09,53950,104.81
2022-12-12,53791,105.13
2022-12-13,54376,103.98
2022-12-14,54340,103.77
2022-12-15,53795,104.56
2022-12-16,53957,104.7
2022-12-19,53945,104.72
2022-12-20,54541,103.96
2022-12-21,54684,104.16
2022-12-22,54066,104.43
2022-12-23,54104,104.31
2022-12-27,54546,104.18
2022-12-28,54324,104.46
2022-12-29,54642,103.84
2022-12-30,54779,103.52
2023-01-03,55380,104.52
2023-01-04,55688,104.25
2023-01-05,55071,105.04
2023-01-06,55628,103.88
2023-01-09,55792,103.0
2023-01-10,55642,103.24
2023-01-11,55641,103.19
2023-01-12,55801,102.25
2023-01-13,56224,102.2
2023-01-16,56414,102.27
2023-01-17,56306,102.39
2023-01-18,56220,102.36
2023-01-19,56443,102.06
2023-01-20,56569,102.01
2023-01-23,56705,102.14
2023-01-24,56881,101.92
2023-01-25,56865,101.64
2023-01-27,56789,101.93
2023-01-30,56754,102.28
2023-01-31,56864,102.1
2023-02-01,57599,101.22
2023-02-02,57710,101.75
2023-02-03,57424,102.92
2023-02-06,56926,103.62
2023-02-07,57175,103.43
2023-02-08,57128,103.41
2023-02-09,56797,103.22
2023-02-10,56711,103.63
2023-02-13,56486,103.35
2023-02-14,56679,103.23
2023-02-15,56151,103.92
2023-02-16,56229,103.86
2023-02-17,56232,103.86
2023-02-20,56202,103.86
2023-02-21,56157,104.18
2023-02-22,56060,104.58
2023-02-23,55630,104.6
2023-02-24,55535,105.21
2023-02-27,55447,104.67
2023-02-28,55714,104.87
2023-03-01,56047,104.48
2023-03-02,55915,105.03
2023-03-03,55879,104.52
2023-03-06,55752,104.35
2023-03-07,55077,105.61
2023-03-08,54955,105.66
2023-03-09,55272,105.31
2023-03-10,56101,104.58
2023-03-13,57539,103.6
2023-03-14,57417,103.6
2023-03-15,58263,104.65
2023-03-16,57942,104.42
2023-03-17,59231,103.71
2023-03-20,59424,103.28
2023-03-21,58520,103.26
2023-03-22,58684,102.35
2023-03-23,59436,102.53
2023-03-24,59226,103.12
2023-03-27,58496,102.86
2023-03-28,58986,102.43
2023-03-29,58997,102.64
2023-03-30,59389,102.14
2023-03-31,59314,102.51
2023-04-03,59600,102.09
2023-04-04,60435,101.59
2023-04-05,60366,101.85
2023-04-06,60276,101.82
2023-04-10,59867,102.58
2023-04-11,60281,102.2
2023-04-12,60404,101.5
2023-04-13,60987,101.01
2023-04-14,60145,101.55
2023-04-17,60051,102.1
2023-04-18,60331,101.75
2023-04-19,60172,101.97
2023-04-20,60389,101.84
2023-04-21,59810,101.82
2023-04-24,59928,101.35
2023-04-25,60123,101.86
2023-04-26,59849,101.47
2023-04-27,59913,101.5
2023-04-28,60057,101.66
2023-05-01,59979,102.15
2023-05-02,60787,101.96
2023-05-03,61073,101.34
2023-05-04,61683,101.4
2023-05-05,60799,101.21
2023-05-08,60916,101.38
2023-05-09,61359,101.61
2023-05-10,61207,101.48
2023-05-11,60886,102.06
2023-05-12,60843,102.68
2023-05-15,60987,102.43
2023-05-16,60280,102.56
2023-05-17,60189,102.88
2023-05-18,59758,103.58
2023-05-19,60389,103.2
2023-05-22,60271,103.2
2023-05-23,60220,103.49
2023-05-24,59918,103.89
2023-05-25,59493,104.25
2023-05-26,59430,104.21
2023-05-29,59358,104.26
2023-05-30,59845,104.17
2023-05-31,60252,104.33
2023-06-01,60033,103.56
2023-06-02,59656,104.01
2023-06-05,59805,104.0
2023-06-06,59902,104.13
2023-06-07,59511,104.1
2023-06-08,59809,103.34
2023-06-09,59777,103.56
2023-06-12,59595,103.65
2023-06-13,59222,103.34
2023-06-14,59249,102.95
2023-06-15,59249,102.11
2023-06-16,59249,102.24
2023-06-19,59043,102.52
2023-06-20,58721,102.54
2023-06-21,58630,102.07
2023-06-22,58144,102.39
2023-06-23,58188,102.9
2023-06-26,58256,102.69
2023-06-27,58015,102.49
2023-06-28,57796,102.9
2023-06-29,57578,103.34
2023-06-30,58020,102.91
2023-07-03,58119,102.96
2023-07-04,58194,103.04
2023-07-05,58308,103.37
2023-07-06,58385,103.07
2023-07-07,58747,102.27
2023-07-10,58635,101.97
2023-07-11,58737,101.73
2023-07-12,59113,100.52
2023-07-13,59185,99.77
2023-07-14,59229,99.91
2023-07-17,59061,99.84
2023-07-18,59633,99.94
2023-07-19,59683,100.28
2023-07-20,59459,100.88
2023-07-21,59221,101.07
2023-07-24,59013,101.35
2023-07-25,59120,101.35
2023-07-26,59347,100.89
2023-07-27,58878,101.77
2023-07-28,59288,101.62
2023-07-31,59628,101.86
2023-08-01,59048,102.3
2023-08-02,59117,102.59
2023-08-03,59078,102.54
2023-08-04,59124,102.02
2023-08-07,59201,102.05
2023-08-08,58997,102.53
2023-08-09,58719,102.49
2023-08-10,58605,102.52
2023-08-11,58629,102.84
2023-08-14,58663,103.19
2023-08-16,58413,103.43
2023-08-17,58027,103.57
2023-08-18,58098,103.38
2023-08-21,58164,103.3
2023-08-22,58221,103.56
2023-08-23,58430,103.42
2023-08-24,58436,103.98
2023-08-25,58273,104.08
2023-08-28,58497,104.06
2023-08-29,58843,103.53
2023-08-30,59117,103.16
2023-08-31,59113,103.62
2023-09-01,59106,104.24
2023-09-04,59385,104.24
2023-09-05,59301,104.81
2023-09-06,59111,104.86
2023-09-07,59016,105.06
2023-09-08,58905,105.09
2023-09-11,58941,104.57
2023-09-12,58642,104.71
2023-09-13,58610,104.77
2023-09-14,58608,105.4
2023-09-15,58992,105.32
2023-09-18,59212,105.2
2023-09-19,59265,105.16
2023-09-20,59363,105.12
2023-09-21,58853,105.36
2023-09-22,58896,105.58
2023-09-25,58707,106.0
2023-09-26,58478,106.23
2023-09-27,57759,106.67
2023-09-28,57146,106.22
2023-09-29,57061,106.22
2023-10-03,56385,107.0
2023-10-04,56229,106.8
2023-10-05,56112,106.33
2023-10-06,56582,106.04
2023-10-09,57268,106.08
2023-10-10,57364,105.82
2023-10-11,57636,105.82
2023-10-12,57613,106.6
2023-10-13,58993,106.65
2023-10-16,58993,106.24
2023-10-17,58922,106.25
2023-10-18,59680,106.57
2023-10-19,59935,106.25
2023-10-20,60405,106.16
2023-10-23,60402,105.54
2023-10-24,60351,106.27
2023-10-25,60652,106.53
2023-10-26,60735,106.6
2023-10-27,60952,106.56
2023-10-30,61077,106.12
2023-10-31,60879,106.66
2023-11-01,60757,106.88
2023-11-02,60805,106.12
2023-11-03,60829,105.02
2023-11-06,60818,105.21
2023-11-07,60365,105.54
2023-11-08,60043,105.59
2023-11-09,60271,105.91
2023-11-10,59697,105.86
2023-11-13,59844,105.63
2023-11-14,60083,104.05
2023-11-15,60120,104.39
2023-11-16,60654,104.35
2023-11-17,60678,103.92
2023-11-20,60657,103.44
2023-11-21,61212,103.57
2023-11-22,61065,103.92
2023-11-23,61093,103.77
2023-11-24,61352,103.4
2023-11-27,61557,103.2
2023-11-28,62409,102.75
2023-11-29,62470,102.76
2023-11-30,62639,103.5
2023-12-01,62876,103.27
2023-12-04,62302,103.71
2023-12-05,62600,104.05
2023-12-06,62269,104.15
2023-12-07,62290,103.54
2023-12-08,61597,104.01
2023-12-11,60986,104.1
2023-12-12,60984,103.86
2023-12-13,60992,102.87
2023-12-14,62229,101.96
2023-12-15,61991,102.55
2023-12-18,62057,102.56
2023-12-19,62211,102.17
2023-12-20,62151,102.41
2023-12-21,62257,101.84
2023-12-22,62657,101.7
2023-12-26,62722,101.47
2023-12-27,63292,100.99
2023-12-28,63119,101.23
2023-12-29,62954,101.33
2024-01-02,63039,102.2
2024-01-03,62294,102.49
2024-01-04,62444,102.42
2024-01-05,62627,102.41
2024-01-08,62140,102.21
2024-01-09,62211,102.57
2024-01-10,62047,102.36
2024-01-11,61830,102.29
2024-01-12,62372,102.4
2024-01-15,62567,102.4
2024-01-16,62065,103.36
2024-01-17,61561,103.45
2024-01-18,61791,103.54
2024-01-19,62021,103.29
2024-01-22,61888,103.33
2024-01-23,62003,103.62
2024-01-24,62072,103.24
2024-01-25,62036,103.57
2024-01-29,62234,103.61
2024-01-30,62371,103.4
2024-01-31,62865,103.27
2024-02-01,63079,103.05
2024-02-02,62639,103.92
2024-02-05,62542,104.45
2024-02-06,62322,104.21
2024-02-07,62305,104.06
2024-02-08,62219,104.17
2024-02-09,62105,104.11
2024-02-12,61856,104.17
2024-02-13,61267,104.96
2024-02-14,61170,104.72
2024-02-15,61306,104.3
2024-02-16,61498,104.3
2024-02-19,61641,104.29
2024-02-20,61810,104.08
2024-02-21,61744,104.01
2024-02-22,61661,103.96
2024-02-23,61910,103.94
2024-02-26,61766,103.83
2024-02-27,61839,103.83
2024-02-28,61792,103.97
2024-02-29,62293,104.16
2024-03-01,63135,103.86
2024-03-04,63605,103.83
2024-03-05,64193,103.8
2024-03-06,65042,103.37
2024-03-07,65246,102.82
2024-03-08,65847,102.71
2024-03-11,65872,102.87
2024-03-12,65334,102.96
2024-03-13,65717,102.79
2024-03-14,65435,103.36
2024-03-15,65367,103.43
2024-03-18,65429,103.59
2024-03-19,65431,103.84
2024-03-20,65556,103.41
2024-03-21,65939,104.0
2024-03-22,65686,104.47
2024-03-25,65862,104.24
2024-03-26,66027,104.29
2024-03-27,66295,104.35
2024-03-28,67592,104.55
2024-04-01,68263,105.02
2024-04-02,68802,104.82
2024-04-03,69725,104.25
2024-04-04,69612,104.12
2024-04-05,70701,104.3
2024-04-08,70607,104.14
2024-04-09,71130,104.15
2024-04-10,71127,105.25
2024-04-11,71514,105.28
2024-04-12,71857,106.04
2024-04-15,72329,106.21
2024-04-16,73109,106.26
2024-04-17,72695,105.95
2024-04-18,73016,106.15
2024-04-19,73246,106.15
2024-04-22,71936,106.08
2024-04-23,71590,105.68
2024-04-24,71692,105.86
2024-04-25,71725,105.6
2024-04-26,72107,105.94
2024-04-29,72250,105.58
2024-04-30,70969,106.22
2024-05-01,71274,105.75
2024-05-02,71119,105.3
2024-05-03,70998,105.03
2024-05-06,71321,105.05
2024-05-07,71136,105.41
2024-05-08,71129,105.55
2024-05-09,71586,105.23
2024-05-10,72595,105.3
2024-05-13,71819,105.22
2024-05-14,72213,105.01
2024-05-15,73001,104.35
2024-05-16,72896,104.46
2024-05-17,73593,104.44
2024-05-20,74283,104.57
2024-05-21,73970,104.66
2024-05-22,73027,104.93
2024-05-23,71632,105.11
2024-05-24,71380,104.72
2024-05-27,72001,104.6
2024-05-28,72145,104.61
2024-05-29,71993,105.1
2024-05-30,71852,104.72
2024-05-31,71703,104.67
2024-06-03,71818,104.14
2024-06-04,71782,104.11
2024-06-05,72485,104.27
2024-06-06,72963,104.1
2024-06-07,71308,104.89
2024-06-10,71303,105.15
2024-06-11,71346,105.23
2024-06-12,71796,104.64
2024-06-13,71030,105.2
2024-06-14,71691,105.55
2024-06-17,71285,105.32
2024-06-18,71503,105.26
2024-06-19,71519,105.25
2024-06-20,72258,105.59
2024-06-21,71429,105.8
2024-06-24,71512,105.47
2024-06-25,71201,105.61
2024-06-26,70919,106.05
2024-06-27,71303,105.91
2024-06-28,71275,105.87
2024-07-01,71329,105.9
2024-07-02,71357,105.72
2024-07-03,72160,105.4
2024-07-04,72151,105.13
2024-07-05,73255,104.88
2024-07-08,72332,105.0
2024-07-09,72385,105.13
2024-07-10,72629,105.05
2024-07-11,73205,104.44
2024-07-12,73159,104.09
2024-07-15,73311,104.19
2024-07-16,74025,104.27
2024-07-17,73924,103.75
2024-07-18,73965,104.17
2024-07-19,72872,104.4
2024-07-22,72641,104.31
2024-07-23,68648,104.45
2024-07-24,69028,104.39
2024-07-25,67491,104.36
2024-07-26,68173,104.32
2024-07-29,68206,104.56
2024-07-30,68617,104.55
2024-07-31,69083,104.1
2024-08-01,69412,104.42
2024-08-02,69381,103.21
2024-08-05,68641,102.69
2024-08-06,68742,102.97
2024-08-07,68752,103.2
2024-08-08,69396,103.21
2024-08-09,69604,103.14
2024-08-12,70354,103.14
2024-08-13,70356,102.56
2024-08-14,69874,102.57
2024-08-16,70938,102.46
2024-08-19,71138,101.89
2024-08-20,71340,101.44
2024-08-21,71407,101.04
2024-08-22,70796,101.51
2024-08-23,71295,100.72
2024-08-26,71500,100.85
2024-08-27,71551,100.55
2024-08-28,71328,101.09
2024-08-29,71666,101.34
2024-08-30,71195,101.7
2024-09-02,71233,101.65
2024-09-03,70807,101.82
2024-09-04,71053,101.36
2024-09-05,71890,101.11
2024-09-06,71409,101.18
2024-09-09,71573,101.55
2024-09-10,71821,101.63
2024-09-11,71878,101.68
2024-09-12,72681,101.37
2024-09-13,73367,101.11
2024-09-16,73422,100.76
2024-09-17,73022,100.89
2024-09-18,73029,100.6
2024-09-19,73357,100.61
2024-09-20,73977,100.72
2024-09-23,74183,100.85
2024-09-24,74886,100.47
2024-09-25,75167,100.91
2024-09-26,75339,100.52
2024-09-27,74878,100.38
2024-09-30,74844,100.78
2024-10-01,75660,101.19
2024-10-03,75827,101.99
2024-10-04,75759,102.52
2024-10-07,75657,102.54
2024-10-08,74799,102.55
2024-10-09,74512,102.93
2024-10-10,74834,102.99
2024-10-11,75738,102.89
2024-10-14,75553,103.3
2024-10-15,75838,103.26
2024-10-16,76163,103.59
2024-10-17,76540,103.82
2024-10-18,77159,103.49
2024-10-21,77508,104.01
2024-10-22,78241,104.07
2024-10-23,77482,104.43
2024-10-24,77872,104.06
2024-10-25,78009,104.26
2024-10-28,78159,104.32
2024-10-29,78865,104.32
2024-10-30,79257,103.99
2024-10-31,78326,103.98
2024-11-01,78829,104.28
2024-11-04,78401,103.89
2024-11-05,78490,103.42
2024-11-06,76689,105.09
2024-11-07,77386,104.51
2024-11-08,77248,105.0
2024-11-11,75382,105.54
2024-11-12,74918,106.02
2024-11-13,74514,106.48
2024-11-14,74151,106.67
2024-11-15,73965,106.69
2024-11-18,75039,106.28
2024-11-19,75555,106.21
2024-11-20,76008,106.68
2024-11-21,76689,106.97
2024-11-22,77579,107.55
2024-11-25,75377,106.82
2024-11-26,75293,107.01
2024-11-27,75788,106.08
2024-11-28,75761,106.14
2024-11-29,76485,105.74
2024-12-02,75815,106.45
2024-12-03,75934,106.36
2024-12-04,76036,106.32
2024-12-05,76353,105.71
2024-12-06,76185,106.06
2024-12-09,76999,106.14
2024-12-10,77745,106.4
2024-12-11,78287,106.71
2024-12-12,77400,106.96
2024-12-13,76592,107.0
2024-12-16,76486,106.86
2024-12-17,76314,106.96
2024-12-18,76115,108.03
2024-12-19,75191,108.41
2024-12-20,75786,107.62
2024-12-23,75506,108.04
2024-12-24,75562,108.2
2024-12-26,76114,108.13
2024-12-27,75783,108.0
2024-12-30,75517,108.13
2024-12-31,76232,108.49
2025-01-02,76849,109.39
2025-01-03,76813,108.95
2025-01-06,77149,108.26
2025-01-07,77514,108.54
2025-01-08,77737,109.09
2025-01-09,78068,109.18
2025-01-10,78398,109.65
2025-01-13,78159,109.96
2025-01-14,78151,109.27
2025-01-15,78658,109.09
2025-01-16,79160,108.96
2025-01-17,79003,109.35
2025-01-20,78530,109.35
2025-01-21,79179,108.06
2025-01-22,79535,108.17
2025-01-23,79594,108.05
2025-01-24,79944,107.44
2025-01-27,79510,107.34
2025-01-28,80163,107.87
2025-01-29,80310,108.0
2025-01-30,81539,107.8
2025-01-31,81836,108.37
2025-02-03,82625,108.99
2025-02-04,83162,107.96
2025-02-05,83976,107.58
2025-02-06,83856,107.69
2025-02-07,84378,108.04
2025-02-10,85308,108.32
2025-02-11,85113,107.96
2025-02-12,85024,107.94
2025-02-13,85368,107.31
2025-02-14,84331,106.71
2025-02-17,84759,106.57
2025-02-18,85742,107.05
2025-02-19,85719,107.17
2025-02-20,85830,106.37
2025-02-21,85795,106.61
2025-02-24,86030,106.6
2025-02-25,85589,106.31
2025-02-26,85837,106.42
2025-02-27,85123,107.24
2025-02-28,84269,107.61
2025-03-03,85355,106.75
2025-03-04,86007,105.74
2025-03-05,85848,104.3
2025-03-06,86002,104.06
2025-03-07,85896,103.84
2025-03-10,85460,103.97
2025-03-11,86113,103.29
2025-03-12,86661,103.61
2025-03-13,87694,103.83
2025-03-14,87924,103.72
2025-03-17,87976,103.37
2025-03-18,88660,103.24
2025-03-19,88564,103.43
2025-03-20,88646,103.85
2025-03-21,87785,104.09
2025-03-24,87313,104.26
2025-03-25,87566,104.18
2025-03-26,87506,104.55
2025-03-27,88213,104.33
2025-03-28,88759,104.04
2025-03-31,90138,104.21
2025-04-01,90409,104.26
2025-04-02,90364,103.81
2025-04-03,89763,102.07
2025-04-04,87940,103.02
2025-04-07,86819,103.26
2025-04-08,87449,102.96
2025-04-09,89489,102.9
2025-04-10,91646,100.87
2025-04-11,93280,100.1
2025-04-14,92835,99.64
2025-04-15,93071,100.21
2025-04-16,95163,99.38
2025-04-17,94784,99.38
2025-04-21,96800,98.28
2025-04-22,97057,98.92
2025-04-23,94530,99.84
2025-04-24,95807,99.38
2025-04-25,95071,99.47
2025-04-28,96159,99.01
2025-04-29,95559,99.24
2025-04-30,94718,99.47
2025-05-01,92382,100.25
2025-05-02,92692,100.03
2025-05-05,94667,99.83
2025-05-06,97460,99.24
2025-05-07,97065,99.61
2025-05-08,96153,100.64
2025-05-09,96490,100.34
2025-05-12,92948,101.79
2025-05-13,93659,101.0
2025-05-14,92305,101.04
2025-05-15,93155,100.88
2025-05-16,92443,101.09
2025-05-19,93314,100.43
2025-05-20,94761,100.12
2025-05-21,95473,99.56
2025-05-22,95461,99.96
2025-05-23,96210,99.11
2025-05-26,95814,99.11
2025-05-27,95055,99.52
2025-05-28,95177,99.88
2025-05-29,95295,99.28
2025-05-30,94712,99.33
2025-06-02,97393,98.71
2025-06-03,97208,99.23
2025-06-04,97973,98.79
2025-06-05,97415,98.74
2025-06-06,96645,99.19
2025-06-09,96703,98.94
2025-06-10,96442,99.1
2025-06-11,96267,98.63
2025-06-12,97786,97.92
2025-06-13,99555,98.18
2025-06-16,98594,98.0
2025-06-17,98911,98.82
2025-06-18,99045,98.9
2025-06-19,98868,98.9
2025-06-20,98574,98.71
2025-06-23,98852,98.42
2025-06-24,96521,97.86
2025-06-25,96760,97.68
2025-06-26,96452,97.15
2025-06-27,94908,97.4
2025-06-30,95678,96.88
2025-07-01,97239,96.82
2025-07-02,97351,96.78
2025-07-03,96801,97.18
2025-07-04,96967,96.96
2025-07-07,97231,97.48
2025-07-08,96485,97.52
2025-07-09,96451,97.56
2025-07-10,96678,97.65
2025-07-11,97759,97.85
2025-07-14,97749,98.08
2025-07-15,97214,98.62
2025-07-16,97758,98.39
2025-07-17,97454,98.73
2025-07-18,97965,98.48
2025-07-21,99217,97.85
2025-07-22,100168,97.39
2025-07-23,99304,97.21
2025-07-24,98668,97.38
2025-07-25,97842,97.64
2025-07-28,97505,98.63
2025-07-29,98125,98.89
2025-07-30,98003,99.82
2025-07-31,98358,99.97
2025-08-01,99240,99.14
2025-08-04,100607,98.78
2025-08-05,100765,98.78
2025-08-06,100687,98.18
2025-08-07,100835,98.4
2025-08-08,101212,98.18
2025-08-11,99785,98.52
2025-08-12,99620,98.1
2025-08-13,99656,97.84
2025-08-14,99362,98.25
2025-08-18,99020,98.17
2025-08-19,98359,98.26
2025-08-20,98903,98.22
2025-08-21,99035,98.62
2025-08-22,99857,97.72
2025-08-25,100118,98.43
2025-08-26,100531,98.22
2025-08-27,100967,98.23
2025-08-28,101481,97.81
2025-08-29,103164,97.77
2025-09-01,103904,97.77
2025-09-02,105695,98.4
2025-09-03,107080,98.14
2025-09-04,106310,98.35
2025-09-05,107605,97.77
2025-09-08,108393,97.45
2025-09-09,108907,97.79
2025-09-10,108884,97.78
2025-09-11,108870,97.53
2025-09-12,109237,97.55
2025-09-15,110045,97.3
2025-09-16,110040,96.63
2025-09-17,109692,96.87
2025-09-18,108951,97.35
2025-09-19,109715,97.64
2025-09-22,112070,97.34
2025-09-23,113715,97.26
2025-09-24,112475,97.87
2025-09-25,112606,98.55
2025-09-26,113664,98.15
2025-09-29,115734,97.91
2025-09-30,116573,97.78
2025-10-01,116968,97.71
2025-10-03,117370,97.72
2025-10-06,119524,98.11
2025-10-07,120354,98.58
2025-10-08,122542,98.92
2025-10-09,119869,99.54
2025-10-10,120727,98.98
2025-10-13,123964,99.27
2025-10-14,125753,99.05
2025-10-15,126641,98.79
2025-10-16,128735,98.34
2025-10-17,125951,98.43
2025-10-20,129493,98.59
2025-10-21,127365,98.93
2025-10-22,121069,98.9
2025-10-23,123305,98.94
2025-10-24,122549,98.95
2025-10-27,120002,98.78
2025-10-28,118699,98.67
2025-10-29,119424,99.22
2025-10-30,120251,99.53
2025-10-31,121209,99.8
2025-11-03,121415,99.87
2025-11-04,119830,100.22
2025-11-05,120494,100.2
2025-11-06,120587,99.73
2025-11-07,121056,99.6
2025-11-10,123897,99.59
2025-11-11,123897,99.44
2025-11-12,126363,99.5
2025-11-13,126668,99.16
2025-11-14,123454,99.3
2025-11-17,122789,99.59
2025-11-18,122591,99.55
2025-11-19,122904,100.23
2025-11-20,122578,100.16
2025-11-21,123849,100.18
2025-11-24,123614,100.14
2025-11-25,124916,99.66
2025-11-26,125674,99.6
2025-11-27,125465,99.6
2025-11-28,126943,99.44
2025-12-01,128034,99.41
2025-12-02,128666,99.36
2025-12-03,129305,98.85
2025-12-04,128894,98.99
2025-12-05,129206,98.99
2025-12-08,128736,99.09
2025-12-09,128853,99.22
2025-12-10,128500,98.79
2025-12-11,130905,98.35
2025-12-12,131645,98.4
